i,p,t,level,marginal,lower,upper,scale
Austria,food_clothing,0,0.0,-0.0,0.0,inf,1.0
Austria,food_clothing,1,0.0,-0.0,0.0,inf,1.0
Austria,food_clothing,2,0.0,-0.0,0.0,inf,1.0
Austria,food_clothing,3,0.0,-0.0,0.0,inf,1.0
Austria,food_clothing,4,0.0,-0.0,0.0,inf,1.0
Austria,food_clothing,5,0.0,-0.0,0.0,inf,1.0
Austria,food_clothing,6,0.0,-0.0,0.0,inf,1.0
Austria,food_clothing,7,0.0,-0.0,0.0,inf,1.0
Austria,food_clothing,8,0.0,-0.0,0.0,inf,1.0
Austria,food_clothing,9,0.0,-0.0,0.0,inf,1.0
Austria,food_clothing,10,0.0,-0.0,0.0,inf,1.0
Austria,food_clothing,11,0.0,-0.0,0.0,inf,1.0
Austria,food_clothing,12,0.0,-0.0,0.0,inf,1.0
Austria,food_clothing,13,0.0,-0.0,0.0,inf,1.0
Austria,food_clothing,14,0.0,-0.0,0.0,inf,1.0
Austria,food_clothing,15,0.0,-0.0,0.0,inf,1.0
Austria,food_clothing,16,0.0,-0.0,0.0,inf,1.0
Austria,food_clothing,17,0.0,-0.0,0.0,inf,1.0
Austria,food_clothing,18,0.0,-0.0,0.0,inf,1.0
Austria,food_clothing,19,0.0,-0.0,0.0,inf,1.0
Austria,food_clothing,20,0.0,-0.0,0.0,inf,1.0
Austria,food_clothing,21,0.0,-0.0,0.0,inf,1.0
Austria,food_clothing,22,0.0,-0.0,0.0,inf,1.0
Austria,food_clothing,23,0.0,-0.0,0.0,inf,1.0
Austria,food_clothing,24,0.0,-0.0,0.0,inf,1.0
Austria,food_clothing,25,0.0,-0.0,0.0,inf,1.0
Austria,food_clothing,26,0.0,-0.0,0.0,inf,1.0
Austria,food_clothing,27,0.0,-0.0,0.0,inf,1.0
Austria,food_clothing,28,0.0,-0.0,0.0,inf,1.0
Austria,food_clothing,29,0.0,-0.0,0.0,inf,1.0
Austria,food_clothing,30,0.0,-0.0,0.0,inf,1.0
Austria,food_clothing,31,0.0,-0.0,0.0,inf,1.0
Austria,housing,0,0.0,-0.0,0.0,inf,1.0
Austria,housing,1,0.0,-0.0,0.0,inf,1.0
Austria,housing,2,0.0,-0.0,0.0,inf,1.0
Austria,housing,3,0.0,-0.0,0.0,inf,1.0
Austria,housing,4,0.0,-0.0,0.0,inf,1.0
Austria,housing,5,0.0,-0.0,0.0,inf,1.0
Austria,housing,6,0.0,-0.0,0.0,inf,1.0
Austria,housing,7,0.0,-0.0,0.0,inf,1.0
Austria,housing,8,0.0,-0.0,0.0,inf,1.0
Austria,housing,9,0.0,-0.0,0.0,inf,1.0
Austria,housing,10,0.0,-0.0,0.0,inf,1.0
Austria,housing,11,0.0,-0.0,0.0,inf,1.0
Austria,housing,12,0.0,-0.0,0.0,inf,1.0
Austria,housing,13,0.0,-0.0,0.0,inf,1.0
Austria,housing,14,0.0,-0.0,0.0,inf,1.0
Austria,housing,15,0.0,-0.0,0.0,inf,1.0
Austria,housing,16,0.0,-0.0,0.0,inf,1.0
Austria,housing,17,0.0,-0.0,0.0,inf,1.0
Austria,housing,18,0.0,-0.0,0.0,inf,1.0
Austria,housing,19,0.0,-0.0,0.0,inf,1.0
Austria,housing,20,0.0,-0.0,0.0,inf,1.0
Austria,housing,21,0.0,-0.0,0.0,inf,1.0
Austria,housing,22,0.0,-0.0,0.0,inf,1.0
Austria,housing,23,0.0,-0.0,0.0,inf,1.0
Austria,housing,24,0.0,-0.0,0.0,inf,1.0
Austria,housing,25,0.0,-0.0,0.0,inf,1.0
Austria,housing,26,0.0,-0.0,0.0,inf,1.0
Austria,housing,27,0.0,-0.0,0.0,inf,1.0
Austria,housing,28,0.0,-0.0,0.0,inf,1.0
Austria,housing,29,0.0,-0.0,0.0,inf,1.0
Austria,housing,30,0.0,-0.0,0.0,inf,1.0
Austria,housing,31,0.0,-0.0,0.0,inf,1.0
Austria,nonfood_items_clothing,0,0.0,-0.0,0.0,inf,1.0
Austria,nonfood_items_clothing,1,0.0,-0.0,0.0,inf,1.0
Austria,nonfood_items_clothing,2,0.0,-0.0,0.0,inf,1.0
Austria,nonfood_items_clothing,3,0.0,-0.0,0.0,inf,1.0
Austria,nonfood_items_clothing,4,0.0,-0.0,0.0,inf,1.0
Austria,nonfood_items_clothing,5,0.0,-0.0,0.0,inf,1.0
Austria,nonfood_items_clothing,6,0.0,-0.0,0.0,inf,1.0
Austria,nonfood_items_clothing,7,0.0,-0.0,0.0,inf,1.0
Austria,nonfood_items_clothing,8,0.0,-0.0,0.0,inf,1.0
Austria,nonfood_items_clothing,9,0.0,-0.0,0.0,inf,1.0
Austria,nonfood_items_clothing,10,0.0,-0.0,0.0,inf,1.0
Austria,nonfood_items_clothing,11,0.0,-0.0,0.0,inf,1.0
Austria,nonfood_items_clothing,12,0.0,-0.0,0.0,inf,1.0
Austria,nonfood_items_clothing,13,0.0,-0.0,0.0,inf,1.0
Austria,nonfood_items_clothing,14,0.0,-0.0,0.0,inf,1.0
Austria,nonfood_items_clothing,15,0.0,-0.0,0.0,inf,1.0
Austria,nonfood_items_clothing,16,0.0,-0.0,0.0,inf,1.0
Austria,nonfood_items_clothing,17,0.0,-0.0,0.0,inf,1.0
Austria,nonfood_items_clothing,18,0.0,-0.0,0.0,inf,1.0
Austria,nonfood_items_clothing,19,0.0,-0.0,0.0,inf,1.0
Austria,nonfood_items_clothing,20,0.0,-0.0,0.0,inf,1.0
Austria,nonfood_items_clothing,21,0.0,-0.0,0.0,inf,1.0
Austria,nonfood_items_clothing,22,0.0,-0.0,0.0,inf,1.0
Austria,nonfood_items_clothing,23,0.0,-0.0,0.0,inf,1.0
Austria,nonfood_items_clothing,24,0.0,-0.0,0.0,inf,1.0
Austria,nonfood_items_clothing,25,0.0,-0.0,0.0,inf,1.0
Austria,nonfood_items_clothing,26,0.0,-0.0,0.0,inf,1.0
Austria,nonfood_items_clothing,27,0.0,-0.0,0.0,inf,1.0
Austria,nonfood_items_clothing,28,0.0,-0.0,0.0,inf,1.0
Austria,nonfood_items_clothing,29,0.0,-0.0,0.0,inf,1.0
Austria,nonfood_items_clothing,30,0.0,-0.0,0.0,inf,1.0
Austria,nonfood_items_clothing,31,0.0,-0.0,0.0,inf,1.0
Belgium,food_clothing,0,0.0,-0.0,0.0,inf,1.0
Belgium,food_clothing,1,0.0,-0.0,0.0,inf,1.0
Belgium,food_clothing,2,0.0,-0.0,0.0,inf,1.0
Belgium,food_clothing,3,0.0,-0.0,0.0,inf,1.0
Belgium,food_clothing,4,0.0,-0.0,0.0,inf,1.0
Belgium,food_clothing,5,0.0,-0.0,0.0,inf,1.0
Belgium,food_clothing,6,0.0,-0.0,0.0,inf,1.0
Belgium,food_clothing,7,0.0,-0.0,0.0,inf,1.0
Belgium,food_clothing,8,0.0,-0.0,0.0,inf,1.0
Belgium,food_clothing,9,0.0,-0.0,0.0,inf,1.0
Belgium,food_clothing,10,0.0,-0.0,0.0,inf,1.0
Belgium,food_clothing,11,0.0,-0.0,0.0,inf,1.0
Belgium,food_clothing,12,0.0,-0.0,0.0,inf,1.0
Belgium,food_clothing,13,0.0,-0.0,0.0,inf,1.0
Belgium,food_clothing,14,0.0,-0.0,0.0,inf,1.0
Belgium,food_clothing,15,0.0,-0.0,0.0,inf,1.0
Belgium,food_clothing,16,0.0,-0.0,0.0,inf,1.0
Belgium,food_clothing,17,0.0,-0.0,0.0,inf,1.0
Belgium,food_clothing,18,0.0,-0.0,0.0,inf,1.0
Belgium,food_clothing,19,0.0,-0.0,0.0,inf,1.0
Belgium,food_clothing,20,0.0,-0.0,0.0,inf,1.0
Belgium,food_clothing,21,0.0,-0.0,0.0,inf,1.0
Belgium,food_clothing,22,0.0,-0.0,0.0,inf,1.0
Belgium,food_clothing,23,0.0,-0.0,0.0,inf,1.0
Belgium,food_clothing,24,0.0,-0.0,0.0,inf,1.0
Belgium,food_clothing,25,0.0,-0.0,0.0,inf,1.0
Belgium,food_clothing,26,0.0,-0.0,0.0,inf,1.0
Belgium,food_clothing,27,0.0,-0.0,0.0,inf,1.0
Belgium,food_clothing,28,0.0,-0.0,0.0,inf,1.0
Belgium,food_clothing,29,0.0,-0.0,0.0,inf,1.0
Belgium,food_clothing,30,0.0,-0.0,0.0,inf,1.0
Belgium,food_clothing,31,0.0,-0.0,0.0,inf,1.0
Belgium,housing,0,0.0,-0.0,0.0,inf,1.0
Belgium,housing,1,0.0,-0.0,0.0,inf,1.0
Belgium,housing,2,0.0,-0.0,0.0,inf,1.0
Belgium,housing,3,0.0,-0.0,0.0,inf,1.0
Belgium,housing,4,0.0,-0.0,0.0,inf,1.0
Belgium,housing,5,0.0,-0.0,0.0,inf,1.0
Belgium,housing,6,0.0,-0.0,0.0,inf,1.0
Belgium,housing,7,0.0,-0.0,0.0,inf,1.0
Belgium,housing,8,0.0,-0.0,0.0,inf,1.0
Belgium,housing,9,0.0,-0.0,0.0,inf,1.0
Belgium,housing,10,0.0,-0.0,0.0,inf,1.0
Belgium,housing,11,0.0,-0.0,0.0,inf,1.0
Belgium,housing,12,0.0,-0.0,0.0,inf,1.0
Belgium,housing,13,0.0,-0.0,0.0,inf,1.0
Belgium,housing,14,0.0,-0.0,0.0,inf,1.0
Belgium,housing,15,0.0,-0.0,0.0,inf,1.0
Belgium,housing,16,0.0,-0.0,0.0,inf,1.0
Belgium,housing,17,0.0,-0.0,0.0,inf,1.0
Belgium,housing,18,0.0,-0.0,0.0,inf,1.0
Belgium,housing,19,0.0,-0.0,0.0,inf,1.0
Belgium,housing,20,0.0,-0.0,0.0,inf,1.0
Belgium,housing,21,0.0,-0.0,0.0,inf,1.0
Belgium,housing,22,0.0,-0.0,0.0,inf,1.0
Belgium,housing,23,0.0,-0.0,0.0,inf,1.0
Belgium,housing,24,0.0,-0.0,0.0,inf,1.0
Belgium,housing,25,0.0,-0.0,0.0,inf,1.0
Belgium,housing,26,0.0,-0.0,0.0,inf,1.0
Belgium,housing,27,0.0,-0.0,0.0,inf,1.0
Belgium,housing,28,0.0,-0.0,0.0,inf,1.0
Belgium,housing,29,0.0,-0.0,0.0,inf,1.0
Belgium,housing,30,0.0,-0.0,0.0,inf,1.0
Belgium,housing,31,0.0,-0.0,0.0,inf,1.0
Belgium,nonfood_items_clothing,0,0.0,-0.0,0.0,inf,1.0
Belgium,nonfood_items_clothing,1,0.0,-0.0,0.0,inf,1.0
Belgium,nonfood_items_clothing,2,0.0,-0.0,0.0,inf,1.0
Belgium,nonfood_items_clothing,3,0.0,-0.0,0.0,inf,1.0
Belgium,nonfood_items_clothing,4,0.0,-0.0,0.0,inf,1.0
Belgium,nonfood_items_clothing,5,0.0,-0.0,0.0,inf,1.0
Belgium,nonfood_items_clothing,6,0.0,-0.0,0.0,inf,1.0
Belgium,nonfood_items_clothing,7,0.0,-0.0,0.0,inf,1.0
Belgium,nonfood_items_clothing,8,0.0,-0.0,0.0,inf,1.0
Belgium,nonfood_items_clothing,9,0.0,-0.0,0.0,inf,1.0
Belgium,nonfood_items_clothing,10,0.0,-0.0,0.0,inf,1.0
Belgium,nonfood_items_clothing,11,0.0,-0.0,0.0,inf,1.0
Belgium,nonfood_items_clothing,12,0.0,-0.0,0.0,inf,1.0
Belgium,nonfood_items_clothing,13,0.0,-0.0,0.0,inf,1.0
Belgium,nonfood_items_clothing,14,0.0,-0.0,0.0,inf,1.0
Belgium,nonfood_items_clothing,15,0.0,-0.0,0.0,inf,1.0
Belgium,nonfood_items_clothing,16,0.0,-0.0,0.0,inf,1.0
Belgium,nonfood_items_clothing,17,0.0,-0.0,0.0,inf,1.0
Belgium,nonfood_items_clothing,18,0.0,-0.0,0.0,inf,1.0
Belgium,nonfood_items_clothing,19,0.0,-0.0,0.0,inf,1.0
Belgium,nonfood_items_clothing,20,0.0,-0.0,0.0,inf,1.0
Belgium,nonfood_items_clothing,21,0.0,-0.0,0.0,inf,1.0
Belgium,nonfood_items_clothing,22,0.0,-0.0,0.0,inf,1.0
Belgium,nonfood_items_clothing,23,0.0,-0.0,0.0,inf,1.0
Belgium,nonfood_items_clothing,24,0.0,-0.0,0.0,inf,1.0
Belgium,nonfood_items_clothing,25,0.0,-0.0,0.0,inf,1.0
Belgium,nonfood_items_clothing,26,0.0,-0.0,0.0,inf,1.0
Belgium,nonfood_items_clothing,27,0.0,-0.0,0.0,inf,1.0
Belgium,nonfood_items_clothing,28,0.0,-0.0,0.0,inf,1.0
Belgium,nonfood_items_clothing,29,0.0,-0.0,0.0,inf,1.0
Belgium,nonfood_items_clothing,30,0.0,-0.0,0.0,inf,1.0
Belgium,nonfood_items_clothing,31,0.0,-0.0,0.0,inf,1.0
Denmark,food_clothing,0,0.0,-0.0,0.0,inf,1.0
Denmark,food_clothing,1,0.0,-0.0,0.0,inf,1.0
Denmark,food_clothing,2,0.0,-0.0,0.0,inf,1.0
Denmark,food_clothing,3,0.0,-0.0,0.0,inf,1.0
Denmark,food_clothing,4,0.0,-0.0,0.0,inf,1.0
Denmark,food_clothing,5,0.0,-0.0,0.0,inf,1.0
Denmark,food_clothing,6,0.0,-0.0,0.0,inf,1.0
Denmark,food_clothing,7,0.0,-0.0,0.0,inf,1.0
Denmark,food_clothing,8,0.0,-0.0,0.0,inf,1.0
Denmark,food_clothing,9,0.0,-0.0,0.0,inf,1.0
Denmark,food_clothing,10,0.0,-0.0,0.0,inf,1.0
Denmark,food_clothing,11,0.0,-0.0,0.0,inf,1.0
Denmark,food_clothing,12,0.0,-0.0,0.0,inf,1.0
Denmark,food_clothing,13,0.0,-0.0,0.0,inf,1.0
Denmark,food_clothing,14,0.0,-0.0,0.0,inf,1.0
Denmark,food_clothing,15,0.0,-0.0,0.0,inf,1.0
Denmark,food_clothing,16,0.0,-0.0,0.0,inf,1.0
Denmark,food_clothing,17,0.0,-0.0,0.0,inf,1.0
Denmark,food_clothing,18,0.0,-0.0,0.0,inf,1.0
Denmark,food_clothing,19,0.0,-0.0,0.0,inf,1.0
Denmark,food_clothing,20,0.0,-0.0,0.0,inf,1.0
Denmark,food_clothing,21,0.0,-0.0,0.0,inf,1.0
Denmark,food_clothing,22,0.0,-0.0,0.0,inf,1.0
Denmark,food_clothing,23,0.0,-0.0,0.0,inf,1.0
Denmark,food_clothing,24,0.0,-0.0,0.0,inf,1.0
Denmark,food_clothing,25,0.0,-0.0,0.0,inf,1.0
Denmark,food_clothing,26,0.0,-0.0,0.0,inf,1.0
Denmark,food_clothing,27,0.0,-0.0,0.0,inf,1.0
Denmark,food_clothing,28,0.0,-0.0,0.0,inf,1.0
Denmark,food_clothing,29,0.0,-0.0,0.0,inf,1.0
Denmark,food_clothing,30,0.0,-0.0,0.0,inf,1.0
Denmark,food_clothing,31,0.0,-0.0,0.0,inf,1.0
Denmark,housing,0,0.0,-0.0,0.0,inf,1.0
Denmark,housing,1,0.0,-0.0,0.0,inf,1.0
Denmark,housing,2,0.0,-0.0,0.0,inf,1.0
Denmark,housing,3,0.0,-0.0,0.0,inf,1.0
Denmark,housing,4,0.0,-0.0,0.0,inf,1.0
Denmark,housing,5,0.0,-0.0,0.0,inf,1.0
Denmark,housing,6,0.0,-0.0,0.0,inf,1.0
Denmark,housing,7,0.0,-0.0,0.0,inf,1.0
Denmark,housing,8,0.0,-0.0,0.0,inf,1.0
Denmark,housing,9,0.0,-0.0,0.0,inf,1.0
Denmark,housing,10,0.0,-0.0,0.0,inf,1.0
Denmark,housing,11,0.0,-0.0,0.0,inf,1.0
Denmark,housing,12,0.0,-0.0,0.0,inf,1.0
Denmark,housing,13,0.0,-0.0,0.0,inf,1.0
Denmark,housing,14,0.0,-0.0,0.0,inf,1.0
Denmark,housing,15,0.0,-0.0,0.0,inf,1.0
Denmark,housing,16,0.0,-0.0,0.0,inf,1.0
Denmark,housing,17,0.0,-0.0,0.0,inf,1.0
Denmark,housing,18,0.0,-0.0,0.0,inf,1.0
Denmark,housing,19,0.0,-0.0,0.0,inf,1.0
Denmark,housing,20,0.0,-0.0,0.0,inf,1.0
Denmark,housing,21,0.0,-0.0,0.0,inf,1.0
Denmark,housing,22,0.0,-0.0,0.0,inf,1.0
Denmark,housing,23,0.0,-0.0,0.0,inf,1.0
Denmark,housing,24,0.0,-0.0,0.0,inf,1.0
Denmark,housing,25,0.0,-0.0,0.0,inf,1.0
Denmark,housing,26,0.0,-0.0,0.0,inf,1.0
Denmark,housing,27,0.0,-0.0,0.0,inf,1.0
Denmark,housing,28,0.0,-0.0,0.0,inf,1.0
Denmark,housing,29,0.0,-0.0,0.0,inf,1.0
Denmark,housing,30,0.0,-0.0,0.0,inf,1.0
Denmark,housing,31,0.0,-0.0,0.0,inf,1.0
Denmark,nonfood_items_clothing,0,0.0,-0.0,0.0,inf,1.0
Denmark,nonfood_items_clothing,1,0.0,-0.0,0.0,inf,1.0
Denmark,nonfood_items_clothing,2,0.0,-0.0,0.0,inf,1.0
Denmark,nonfood_items_clothing,3,0.0,-0.0,0.0,inf,1.0
Denmark,nonfood_items_clothing,4,0.0,-0.0,0.0,inf,1.0
Denmark,nonfood_items_clothing,5,0.0,-0.0,0.0,inf,1.0
Denmark,nonfood_items_clothing,6,0.0,-0.0,0.0,inf,1.0
Denmark,nonfood_items_clothing,7,0.0,-0.0,0.0,inf,1.0
Denmark,nonfood_items_clothing,8,0.0,-0.0,0.0,inf,1.0
Denmark,nonfood_items_clothing,9,0.0,-0.0,0.0,inf,1.0
Denmark,nonfood_items_clothing,10,0.0,-0.0,0.0,inf,1.0
Denmark,nonfood_items_clothing,11,0.0,-0.0,0.0,inf,1.0
Denmark,nonfood_items_clothing,12,0.0,-0.0,0.0,inf,1.0
Denmark,nonfood_items_clothing,13,0.0,-0.0,0.0,inf,1.0
Denmark,nonfood_items_clothing,14,0.0,-0.0,0.0,inf,1.0
Denmark,nonfood_items_clothing,15,0.0,-0.0,0.0,inf,1.0
Denmark,nonfood_items_clothing,16,0.0,-0.0,0.0,inf,1.0
Denmark,nonfood_items_clothing,17,0.0,-0.0,0.0,inf,1.0
Denmark,nonfood_items_clothing,18,0.0,-0.0,0.0,inf,1.0
Denmark,nonfood_items_clothing,19,0.0,-0.0,0.0,inf,1.0
Denmark,nonfood_items_clothing,20,0.0,-0.0,0.0,inf,1.0
Denmark,nonfood_items_clothing,21,0.0,-0.0,0.0,inf,1.0
Denmark,nonfood_items_clothing,22,0.0,-0.0,0.0,inf,1.0
Denmark,nonfood_items_clothing,23,0.0,-0.0,0.0,inf,1.0
Denmark,nonfood_items_clothing,24,0.0,-0.0,0.0,inf,1.0
Denmark,nonfood_items_clothing,25,0.0,-0.0,0.0,inf,1.0
Denmark,nonfood_items_clothing,26,0.0,-0.0,0.0,inf,1.0
Denmark,nonfood_items_clothing,27,0.0,-0.0,0.0,inf,1.0
Denmark,nonfood_items_clothing,28,0.0,-0.0,0.0,inf,1.0
Denmark,nonfood_items_clothing,29,0.0,-0.0,0.0,inf,1.0
Denmark,nonfood_items_clothing,30,0.0,-0.0,0.0,inf,1.0
Denmark,nonfood_items_clothing,31,0.0,-0.0,0.0,inf,1.0
France,food_clothing,0,0.0,-0.0,0.0,inf,1.0
France,food_clothing,1,0.0,-0.0,0.0,inf,1.0
France,food_clothing,2,0.0,-0.0,0.0,inf,1.0
France,food_clothing,3,0.0,-0.0,0.0,inf,1.0
France,food_clothing,4,0.0,-0.0,0.0,inf,1.0
France,food_clothing,5,0.0,-0.0,0.0,inf,1.0
France,food_clothing,6,0.0,-0.0,0.0,inf,1.0
France,food_clothing,7,0.0,-0.0,0.0,inf,1.0
France,food_clothing,8,0.0,-0.0,0.0,inf,1.0
France,food_clothing,9,0.0,-0.0,0.0,inf,1.0
France,food_clothing,10,0.0,-0.0,0.0,inf,1.0
France,food_clothing,11,0.0,-0.0,0.0,inf,1.0
France,food_clothing,12,0.0,-0.0,0.0,inf,1.0
France,food_clothing,13,0.0,-0.0,0.0,inf,1.0
France,food_clothing,14,0.0,-0.0,0.0,inf,1.0
France,food_clothing,15,0.0,-0.0,0.0,inf,1.0
France,food_clothing,16,0.0,-0.0,0.0,inf,1.0
France,food_clothing,17,0.0,-0.0,0.0,inf,1.0
France,food_clothing,18,0.0,-0.0,0.0,inf,1.0
France,food_clothing,19,0.0,-0.0,0.0,inf,1.0
France,food_clothing,20,0.0,-0.0,0.0,inf,1.0
France,food_clothing,21,0.0,-0.0,0.0,inf,1.0
France,food_clothing,22,0.0,-0.0,0.0,inf,1.0
France,food_clothing,23,0.0,-0.0,0.0,inf,1.0
France,food_clothing,24,0.0,-0.0,0.0,inf,1.0
France,food_clothing,25,0.0,-0.0,0.0,inf,1.0
France,food_clothing,26,0.0,-0.0,0.0,inf,1.0
France,food_clothing,27,0.0,-0.0,0.0,inf,1.0
France,food_clothing,28,0.0,-0.0,0.0,inf,1.0
France,food_clothing,29,0.0,-0.0,0.0,inf,1.0
France,food_clothing,30,0.0,-0.0,0.0,inf,1.0
France,food_clothing,31,0.0,-0.0,0.0,inf,1.0
France,housing,0,0.0,-0.0,0.0,inf,1.0
France,housing,1,0.0,-0.0,0.0,inf,1.0
France,housing,2,0.0,-0.0,0.0,inf,1.0
France,housing,3,0.0,-0.0,0.0,inf,1.0
France,housing,4,0.0,-0.0,0.0,inf,1.0
France,housing,5,0.0,-0.0,0.0,inf,1.0
France,housing,6,0.0,-0.0,0.0,inf,1.0
France,housing,7,0.0,-0.0,0.0,inf,1.0
France,housing,8,0.0,-0.0,0.0,inf,1.0
France,housing,9,0.0,-0.0,0.0,inf,1.0
France,housing,10,0.0,-0.0,0.0,inf,1.0
France,housing,11,0.0,-0.0,0.0,inf,1.0
France,housing,12,0.0,-0.0,0.0,inf,1.0
France,housing,13,0.0,-0.0,0.0,inf,1.0
France,housing,14,0.0,-0.0,0.0,inf,1.0
France,housing,15,0.0,-0.0,0.0,inf,1.0
France,housing,16,0.0,-0.0,0.0,inf,1.0
France,housing,17,0.0,-0.0,0.0,inf,1.0
France,housing,18,0.0,-0.0,0.0,inf,1.0
France,housing,19,0.0,-0.0,0.0,inf,1.0
France,housing,20,0.0,-0.0,0.0,inf,1.0
France,housing,21,0.0,-0.0,0.0,inf,1.0
France,housing,22,0.0,-0.0,0.0,inf,1.0
France,housing,23,0.0,-0.0,0.0,inf,1.0
France,housing,24,0.0,-0.0,0.0,inf,1.0
France,housing,25,0.0,-0.0,0.0,inf,1.0
France,housing,26,0.0,-0.0,0.0,inf,1.0
France,housing,27,0.0,-0.0,0.0,inf,1.0
France,housing,28,0.0,-0.0,0.0,inf,1.0
France,housing,29,0.0,-0.0,0.0,inf,1.0
France,housing,30,0.0,-0.0,0.0,inf,1.0
France,housing,31,0.0,-0.0,0.0,inf,1.0
France,nonfood_items_clothing,0,0.0,-0.0,0.0,inf,1.0
France,nonfood_items_clothing,1,0.0,-0.0,0.0,inf,1.0
France,nonfood_items_clothing,2,0.0,-0.0,0.0,inf,1.0
France,nonfood_items_clothing,3,0.0,-0.0,0.0,inf,1.0
France,nonfood_items_clothing,4,0.0,-0.0,0.0,inf,1.0
France,nonfood_items_clothing,5,0.0,-0.0,0.0,inf,1.0
France,nonfood_items_clothing,6,0.0,-0.0,0.0,inf,1.0
France,nonfood_items_clothing,7,0.0,-0.0,0.0,inf,1.0
France,nonfood_items_clothing,8,0.0,-0.0,0.0,inf,1.0
France,nonfood_items_clothing,9,0.0,-0.0,0.0,inf,1.0
France,nonfood_items_clothing,10,0.0,-0.0,0.0,inf,1.0
France,nonfood_items_clothing,11,0.0,-0.0,0.0,inf,1.0
France,nonfood_items_clothing,12,0.0,-0.0,0.0,inf,1.0
France,nonfood_items_clothing,13,0.0,-0.0,0.0,inf,1.0
France,nonfood_items_clothing,14,0.0,-0.0,0.0,inf,1.0
France,nonfood_items_clothing,15,0.0,-0.0,0.0,inf,1.0
France,nonfood_items_clothing,16,0.0,-0.0,0.0,inf,1.0
France,nonfood_items_clothing,17,0.0,-0.0,0.0,inf,1.0
France,nonfood_items_clothing,18,0.0,-0.0,0.0,inf,1.0
France,nonfood_items_clothing,19,0.0,-0.0,0.0,inf,1.0
France,nonfood_items_clothing,20,0.0,-0.0,0.0,inf,1.0
France,nonfood_items_clothing,21,0.0,-0.0,0.0,inf,1.0
France,nonfood_items_clothing,22,0.0,-0.0,0.0,inf,1.0
France,nonfood_items_clothing,23,0.0,-0.0,0.0,inf,1.0
France,nonfood_items_clothing,24,0.0,-0.0,0.0,inf,1.0
France,nonfood_items_clothing,25,0.0,-0.0,0.0,inf,1.0
France,nonfood_items_clothing,26,0.0,-0.0,0.0,inf,1.0
France,nonfood_items_clothing,27,0.0,-0.0,0.0,inf,1.0
France,nonfood_items_clothing,28,0.0,-0.0,0.0,inf,1.0
France,nonfood_items_clothing,29,0.0,-0.0,0.0,inf,1.0
France,nonfood_items_clothing,30,0.0,-0.0,0.0,inf,1.0
France,nonfood_items_clothing,31,0.0,-0.0,0.0,inf,1.0
Germany,food_clothing,0,0.0,-0.0,0.0,inf,1.0
Germany,food_clothing,1,0.0,-0.0,0.0,inf,1.0
Germany,food_clothing,2,0.0,-0.0,0.0,inf,1.0
Germany,food_clothing,3,0.0,-0.0,0.0,inf,1.0
Germany,food_clothing,4,0.0,-0.0,0.0,inf,1.0
Germany,food_clothing,5,0.0,-0.0,0.0,inf,1.0
Germany,food_clothing,6,0.0,-0.0,0.0,inf,1.0
Germany,food_clothing,7,0.0,-0.0,0.0,inf,1.0
Germany,food_clothing,8,0.0,-0.0,0.0,inf,1.0
Germany,food_clothing,9,0.0,-0.0,0.0,inf,1.0
Germany,food_clothing,10,0.0,-0.0,0.0,inf,1.0
Germany,food_clothing,11,0.0,-0.0,0.0,inf,1.0
Germany,food_clothing,12,0.0,-0.0,0.0,inf,1.0
Germany,food_clothing,13,0.0,-0.0,0.0,inf,1.0
Germany,food_clothing,14,0.0,-0.0,0.0,inf,1.0
Germany,food_clothing,15,0.0,-0.0,0.0,inf,1.0
Germany,food_clothing,16,0.0,-0.0,0.0,inf,1.0
Germany,food_clothing,17,0.0,-0.0,0.0,inf,1.0
Germany,food_clothing,18,0.0,-0.0,0.0,inf,1.0
Germany,food_clothing,19,0.0,-0.0,0.0,inf,1.0
Germany,food_clothing,20,0.0,-0.0,0.0,inf,1.0
Germany,food_clothing,21,0.0,-0.0,0.0,inf,1.0
Germany,food_clothing,22,0.0,-0.0,0.0,inf,1.0
Germany,food_clothing,23,0.0,-0.0,0.0,inf,1.0
Germany,food_clothing,24,0.0,-0.0,0.0,inf,1.0
Germany,food_clothing,25,0.0,-0.0,0.0,inf,1.0
Germany,food_clothing,26,0.0,-0.0,0.0,inf,1.0
Germany,food_clothing,27,0.0,-0.0,0.0,inf,1.0
Germany,food_clothing,28,0.0,-0.0,0.0,inf,1.0
Germany,food_clothing,29,0.0,-0.0,0.0,inf,1.0
Germany,food_clothing,30,0.0,-0.0,0.0,inf,1.0
Germany,food_clothing,31,0.0,-0.0,0.0,inf,1.0
Germany,housing,0,0.0,-0.0,0.0,inf,1.0
Germany,housing,1,0.0,-0.0,0.0,inf,1.0
Germany,housing,2,0.0,-0.0,0.0,inf,1.0
Germany,housing,3,0.0,-0.0,0.0,inf,1.0
Germany,housing,4,0.0,-0.0,0.0,inf,1.0
Germany,housing,5,0.0,-0.0,0.0,inf,1.0
Germany,housing,6,0.0,-0.0,0.0,inf,1.0
Germany,housing,7,0.0,-0.0,0.0,inf,1.0
Germany,housing,8,0.0,-0.0,0.0,inf,1.0
Germany,housing,9,0.0,-0.0,0.0,inf,1.0
Germany,housing,10,0.0,-0.0,0.0,inf,1.0
Germany,housing,11,0.0,-0.0,0.0,inf,1.0
Germany,housing,12,0.0,-0.0,0.0,inf,1.0
Germany,housing,13,0.0,-0.0,0.0,inf,1.0
Germany,housing,14,0.0,-0.0,0.0,inf,1.0
Germany,housing,15,0.0,-0.0,0.0,inf,1.0
Germany,housing,16,0.0,-0.0,0.0,inf,1.0
Germany,housing,17,0.0,-0.0,0.0,inf,1.0
Germany,housing,18,0.0,-0.0,0.0,inf,1.0
Germany,housing,19,0.0,-0.0,0.0,inf,1.0
Germany,housing,20,0.0,-0.0,0.0,inf,1.0
Germany,housing,21,0.0,-0.0,0.0,inf,1.0
Germany,housing,22,0.0,-0.0,0.0,inf,1.0
Germany,housing,23,0.0,-0.0,0.0,inf,1.0
Germany,housing,24,0.0,-0.0,0.0,inf,1.0
Germany,housing,25,0.0,-0.0,0.0,inf,1.0
Germany,housing,26,0.0,-0.0,0.0,inf,1.0
Germany,housing,27,0.0,-0.0,0.0,inf,1.0
Germany,housing,28,0.0,-0.0,0.0,inf,1.0
Germany,housing,29,0.0,-0.0,0.0,inf,1.0
Germany,housing,30,0.0,-0.0,0.0,inf,1.0
Germany,housing,31,0.0,-0.0,0.0,inf,1.0
Germany,nonfood_items_clothing,0,0.0,-0.0,0.0,inf,1.0
Germany,nonfood_items_clothing,1,0.0,-0.0,0.0,inf,1.0
Germany,nonfood_items_clothing,2,0.0,-0.0,0.0,inf,1.0
Germany,nonfood_items_clothing,3,0.0,-0.0,0.0,inf,1.0
Germany,nonfood_items_clothing,4,0.0,-0.0,0.0,inf,1.0
Germany,nonfood_items_clothing,5,0.0,-0.0,0.0,inf,1.0
Germany,nonfood_items_clothing,6,0.0,-0.0,0.0,inf,1.0
Germany,nonfood_items_clothing,7,0.0,-0.0,0.0,inf,1.0
Germany,nonfood_items_clothing,8,0.0,-0.0,0.0,inf,1.0
Germany,nonfood_items_clothing,9,0.0,-0.0,0.0,inf,1.0
Germany,nonfood_items_clothing,10,0.0,-0.0,0.0,inf,1.0
Germany,nonfood_items_clothing,11,0.0,-0.0,0.0,inf,1.0
Germany,nonfood_items_clothing,12,0.0,-0.0,0.0,inf,1.0
Germany,nonfood_items_clothing,13,0.0,-0.0,0.0,inf,1.0
Germany,nonfood_items_clothing,14,0.0,-0.0,0.0,inf,1.0
Germany,nonfood_items_clothing,15,0.0,-0.0,0.0,inf,1.0
Germany,nonfood_items_clothing,16,0.0,-0.0,0.0,inf,1.0
Germany,nonfood_items_clothing,17,0.0,-0.0,0.0,inf,1.0
Germany,nonfood_items_clothing,18,0.0,-0.0,0.0,inf,1.0
Germany,nonfood_items_clothing,19,0.0,-0.0,0.0,inf,1.0
Germany,nonfood_items_clothing,20,0.0,-0.0,0.0,inf,1.0
Germany,nonfood_items_clothing,21,0.0,-0.0,0.0,inf,1.0
Germany,nonfood_items_clothing,22,0.0,-0.0,0.0,inf,1.0
Germany,nonfood_items_clothing,23,0.0,-0.0,0.0,inf,1.0
Germany,nonfood_items_clothing,24,0.0,-0.0,0.0,inf,1.0
Germany,nonfood_items_clothing,25,0.0,-0.0,0.0,inf,1.0
Germany,nonfood_items_clothing,26,0.0,-0.0,0.0,inf,1.0
Germany,nonfood_items_clothing,27,0.0,-0.0,0.0,inf,1.0
Germany,nonfood_items_clothing,28,0.0,-0.0,0.0,inf,1.0
Germany,nonfood_items_clothing,29,0.0,-0.0,0.0,inf,1.0
Germany,nonfood_items_clothing,30,0.0,-0.0,0.0,inf,1.0
Germany,nonfood_items_clothing,31,0.0,-0.0,0.0,inf,1.0
Hungry,food_clothing,0,0.0,-0.0,0.0,inf,1.0
Hungry,food_clothing,1,0.0,-0.0,0.0,inf,1.0
Hungry,food_clothing,2,0.0,-0.0,0.0,inf,1.0
Hungry,food_clothing,3,0.0,-0.0,0.0,inf,1.0
Hungry,food_clothing,4,0.0,-0.0,0.0,inf,1.0
Hungry,food_clothing,5,0.0,-0.0,0.0,inf,1.0
Hungry,food_clothing,6,0.0,-0.0,0.0,inf,1.0
Hungry,food_clothing,7,0.0,-0.0,0.0,inf,1.0
Hungry,food_clothing,8,0.0,-0.0,0.0,inf,1.0
Hungry,food_clothing,9,0.0,-0.0,0.0,inf,1.0
Hungry,food_clothing,10,0.0,-0.0,0.0,inf,1.0
Hungry,food_clothing,11,0.0,-0.0,0.0,inf,1.0
Hungry,food_clothing,12,0.0,-0.0,0.0,inf,1.0
Hungry,food_clothing,13,0.0,-0.0,0.0,inf,1.0
Hungry,food_clothing,14,0.0,-0.0,0.0,inf,1.0
Hungry,food_clothing,15,0.0,-0.0,0.0,inf,1.0
Hungry,food_clothing,16,0.0,-0.0,0.0,inf,1.0
Hungry,food_clothing,17,0.0,-0.0,0.0,inf,1.0
Hungry,food_clothing,18,0.0,-0.0,0.0,inf,1.0
Hungry,food_clothing,19,0.0,-0.0,0.0,inf,1.0
Hungry,food_clothing,20,0.0,-0.0,0.0,inf,1.0
Hungry,food_clothing,21,0.0,-0.0,0.0,inf,1.0
Hungry,food_clothing,22,0.0,-0.0,0.0,inf,1.0
Hungry,food_clothing,23,0.0,-0.0,0.0,inf,1.0
Hungry,food_clothing,24,0.0,-0.0,0.0,inf,1.0
Hungry,food_clothing,25,0.0,-0.0,0.0,inf,1.0
Hungry,food_clothing,26,0.0,-0.0,0.0,inf,1.0
Hungry,food_clothing,27,0.0,-0.0,0.0,inf,1.0
Hungry,food_clothing,28,0.0,-0.0,0.0,inf,1.0
Hungry,food_clothing,29,0.0,-0.0,0.0,inf,1.0
Hungry,food_clothing,30,0.0,-0.0,0.0,inf,1.0
Hungry,food_clothing,31,0.0,-0.0,0.0,inf,1.0
Hungry,housing,0,0.0,-0.0,0.0,inf,1.0
Hungry,housing,1,0.0,-0.0,0.0,inf,1.0
Hungry,housing,2,0.0,-0.0,0.0,inf,1.0
Hungry,housing,3,0.0,-0.0,0.0,inf,1.0
Hungry,housing,4,0.0,-0.0,0.0,inf,1.0
Hungry,housing,5,0.0,-0.0,0.0,inf,1.0
Hungry,housing,6,0.0,-0.0,0.0,inf,1.0
Hungry,housing,7,0.0,-0.0,0.0,inf,1.0
Hungry,housing,8,0.0,-0.0,0.0,inf,1.0
Hungry,housing,9,0.0,-0.0,0.0,inf,1.0
Hungry,housing,10,0.0,-0.0,0.0,inf,1.0
Hungry,housing,11,0.0,-0.0,0.0,inf,1.0
Hungry,housing,12,0.0,-0.0,0.0,inf,1.0
Hungry,housing,13,0.0,-0.0,0.0,inf,1.0
Hungry,housing,14,0.0,-0.0,0.0,inf,1.0
Hungry,housing,15,0.0,-0.0,0.0,inf,1.0
Hungry,housing,16,0.0,-0.0,0.0,inf,1.0
Hungry,housing,17,0.0,-0.0,0.0,inf,1.0
Hungry,housing,18,0.0,-0.0,0.0,inf,1.0
Hungry,housing,19,0.0,-0.0,0.0,inf,1.0
Hungry,housing,20,0.0,-0.0,0.0,inf,1.0
Hungry,housing,21,0.0,-0.0,0.0,inf,1.0
Hungry,housing,22,0.0,-0.0,0.0,inf,1.0
Hungry,housing,23,0.0,-0.0,0.0,inf,1.0
Hungry,housing,24,0.0,-0.0,0.0,inf,1.0
Hungry,housing,25,0.0,-0.0,0.0,inf,1.0
Hungry,housing,26,0.0,-0.0,0.0,inf,1.0
Hungry,housing,27,0.0,-0.0,0.0,inf,1.0
Hungry,housing,28,0.0,-0.0,0.0,inf,1.0
Hungry,housing,29,0.0,-0.0,0.0,inf,1.0
Hungry,housing,30,0.0,-0.0,0.0,inf,1.0
Hungry,housing,31,0.0,-0.0,0.0,inf,1.0
Hungry,nonfood_items_clothing,0,0.0,-0.0,0.0,inf,1.0
Hungry,nonfood_items_clothing,1,0.0,-0.0,0.0,inf,1.0
Hungry,nonfood_items_clothing,2,0.0,-0.0,0.0,inf,1.0
Hungry,nonfood_items_clothing,3,0.0,-0.0,0.0,inf,1.0
Hungry,nonfood_items_clothing,4,0.0,-0.0,0.0,inf,1.0
Hungry,nonfood_items_clothing,5,0.0,-0.0,0.0,inf,1.0
Hungry,nonfood_items_clothing,6,0.0,-0.0,0.0,inf,1.0
Hungry,nonfood_items_clothing,7,0.0,-0.0,0.0,inf,1.0
Hungry,nonfood_items_clothing,8,0.0,-0.0,0.0,inf,1.0
Hungry,nonfood_items_clothing,9,0.0,-0.0,0.0,inf,1.0
Hungry,nonfood_items_clothing,10,0.0,-0.0,0.0,inf,1.0
Hungry,nonfood_items_clothing,11,0.0,-0.0,0.0,inf,1.0
Hungry,nonfood_items_clothing,12,0.0,-0.0,0.0,inf,1.0
Hungry,nonfood_items_clothing,13,0.0,-0.0,0.0,inf,1.0
Hungry,nonfood_items_clothing,14,0.0,-0.0,0.0,inf,1.0
Hungry,nonfood_items_clothing,15,0.0,-0.0,0.0,inf,1.0
Hungry,nonfood_items_clothing,16,0.0,-0.0,0.0,inf,1.0
Hungry,nonfood_items_clothing,17,0.0,-0.0,0.0,inf,1.0
Hungry,nonfood_items_clothing,18,0.0,-0.0,0.0,inf,1.0
Hungry,nonfood_items_clothing,19,0.0,-0.0,0.0,inf,1.0
Hungry,nonfood_items_clothing,20,0.0,-0.0,0.0,inf,1.0
Hungry,nonfood_items_clothing,21,0.0,-0.0,0.0,inf,1.0
Hungry,nonfood_items_clothing,22,0.0,-0.0,0.0,inf,1.0
Hungry,nonfood_items_clothing,23,0.0,-0.0,0.0,inf,1.0
Hungry,nonfood_items_clothing,24,0.0,-0.0,0.0,inf,1.0
Hungry,nonfood_items_clothing,25,0.0,-0.0,0.0,inf,1.0
Hungry,nonfood_items_clothing,26,0.0,-0.0,0.0,inf,1.0
Hungry,nonfood_items_clothing,27,0.0,-0.0,0.0,inf,1.0
Hungry,nonfood_items_clothing,28,0.0,-0.0,0.0,inf,1.0
Hungry,nonfood_items_clothing,29,0.0,-0.0,0.0,inf,1.0
Hungry,nonfood_items_clothing,30,0.0,-0.0,0.0,inf,1.0
Hungry,nonfood_items_clothing,31,0.0,-0.0,0.0,inf,1.0
Moldova,food_clothing,0,0.0,-0.0,0.0,inf,1.0
Moldova,food_clothing,1,0.0,-0.0,0.0,inf,1.0
Moldova,food_clothing,2,0.0,-0.0,0.0,inf,1.0
Moldova,food_clothing,3,0.0,-0.0,0.0,inf,1.0
Moldova,food_clothing,4,0.0,-0.0,0.0,inf,1.0
Moldova,food_clothing,5,0.0,-0.0,0.0,inf,1.0
Moldova,food_clothing,6,0.0,-0.0,0.0,inf,1.0
Moldova,food_clothing,7,0.0,-0.0,0.0,inf,1.0
Moldova,food_clothing,8,0.0,-0.0,0.0,inf,1.0
Moldova,food_clothing,9,0.0,-0.0,0.0,inf,1.0
Moldova,food_clothing,10,0.0,-0.0,0.0,inf,1.0
Moldova,food_clothing,11,0.0,-0.0,0.0,inf,1.0
Moldova,food_clothing,12,0.0,-0.0,0.0,inf,1.0
Moldova,food_clothing,13,0.0,-0.0,0.0,inf,1.0
Moldova,food_clothing,14,0.0,-0.0,0.0,inf,1.0
Moldova,food_clothing,15,0.0,-0.0,0.0,inf,1.0
Moldova,food_clothing,16,0.0,-0.0,0.0,inf,1.0
Moldova,food_clothing,17,0.0,-0.0,0.0,inf,1.0
Moldova,food_clothing,18,0.0,-0.0,0.0,inf,1.0
Moldova,food_clothing,19,0.0,-0.0,0.0,inf,1.0
Moldova,food_clothing,20,0.0,-0.0,0.0,inf,1.0
Moldova,food_clothing,21,0.0,-0.0,0.0,inf,1.0
Moldova,food_clothing,22,0.0,-0.0,0.0,inf,1.0
Moldova,food_clothing,23,0.0,-0.0,0.0,inf,1.0
Moldova,food_clothing,24,0.0,-0.0,0.0,inf,1.0
Moldova,food_clothing,25,0.0,-0.0,0.0,inf,1.0
Moldova,food_clothing,26,0.0,-0.0,0.0,inf,1.0
Moldova,food_clothing,27,0.0,-0.0,0.0,inf,1.0
Moldova,food_clothing,28,0.0,-0.0,0.0,inf,1.0
Moldova,food_clothing,29,0.0,-0.0,0.0,inf,1.0
Moldova,food_clothing,30,0.0,-0.0,0.0,inf,1.0
Moldova,food_clothing,31,0.0,-0.0,0.0,inf,1.0
Moldova,housing,0,0.0,-0.0,0.0,inf,1.0
Moldova,housing,1,0.0,-0.0,0.0,inf,1.0
Moldova,housing,2,0.0,-0.0,0.0,inf,1.0
Moldova,housing,3,0.0,-0.0,0.0,inf,1.0
Moldova,housing,4,0.0,-0.0,0.0,inf,1.0
Moldova,housing,5,0.0,-0.0,0.0,inf,1.0
Moldova,housing,6,0.0,-0.0,0.0,inf,1.0
Moldova,housing,7,0.0,-0.0,0.0,inf,1.0
Moldova,housing,8,0.0,-0.0,0.0,inf,1.0
Moldova,housing,9,0.0,-0.0,0.0,inf,1.0
Moldova,housing,10,0.0,-0.0,0.0,inf,1.0
Moldova,housing,11,0.0,-0.0,0.0,inf,1.0
Moldova,housing,12,0.0,-0.0,0.0,inf,1.0
Moldova,housing,13,0.0,-0.0,0.0,inf,1.0
Moldova,housing,14,0.0,-0.0,0.0,inf,1.0
Moldova,housing,15,0.0,-0.0,0.0,inf,1.0
Moldova,housing,16,0.0,-0.0,0.0,inf,1.0
Moldova,housing,17,0.0,-0.0,0.0,inf,1.0
Moldova,housing,18,0.0,-0.0,0.0,inf,1.0
Moldova,housing,19,0.0,-0.0,0.0,inf,1.0
Moldova,housing,20,0.0,-0.0,0.0,inf,1.0
Moldova,housing,21,0.0,-0.0,0.0,inf,1.0
Moldova,housing,22,0.0,-0.0,0.0,inf,1.0
Moldova,housing,23,0.0,-0.0,0.0,inf,1.0
Moldova,housing,24,0.0,-0.0,0.0,inf,1.0
Moldova,housing,25,0.0,-0.0,0.0,inf,1.0
Moldova,housing,26,0.0,-0.0,0.0,inf,1.0
Moldova,housing,27,0.0,-0.0,0.0,inf,1.0
Moldova,housing,28,0.0,-0.0,0.0,inf,1.0
Moldova,housing,29,0.0,-0.0,0.0,inf,1.0
Moldova,housing,30,0.0,-0.0,0.0,inf,1.0
Moldova,housing,31,0.0,-0.0,0.0,inf,1.0
Moldova,nonfood_items_clothing,0,0.0,-0.0,0.0,inf,1.0
Moldova,nonfood_items_clothing,1,0.0,-0.0,0.0,inf,1.0
Moldova,nonfood_items_clothing,2,0.0,-0.0,0.0,inf,1.0
Moldova,nonfood_items_clothing,3,0.0,-0.0,0.0,inf,1.0
Moldova,nonfood_items_clothing,4,0.0,-0.0,0.0,inf,1.0
Moldova,nonfood_items_clothing,5,0.0,-0.0,0.0,inf,1.0
Moldova,nonfood_items_clothing,6,0.0,-0.0,0.0,inf,1.0
Moldova,nonfood_items_clothing,7,0.0,-0.0,0.0,inf,1.0
Moldova,nonfood_items_clothing,8,0.0,-0.0,0.0,inf,1.0
Moldova,nonfood_items_clothing,9,0.0,-0.0,0.0,inf,1.0
Moldova,nonfood_items_clothing,10,0.0,-0.0,0.0,inf,1.0
Moldova,nonfood_items_clothing,11,0.0,-0.0,0.0,inf,1.0
Moldova,nonfood_items_clothing,12,0.0,-0.0,0.0,inf,1.0
Moldova,nonfood_items_clothing,13,0.0,-0.0,0.0,inf,1.0
Moldova,nonfood_items_clothing,14,0.0,-0.0,0.0,inf,1.0
Moldova,nonfood_items_clothing,15,0.0,-0.0,0.0,inf,1.0
Moldova,nonfood_items_clothing,16,0.0,-0.0,0.0,inf,1.0
Moldova,nonfood_items_clothing,17,0.0,-0.0,0.0,inf,1.0
Moldova,nonfood_items_clothing,18,0.0,-0.0,0.0,inf,1.0
Moldova,nonfood_items_clothing,19,0.0,-0.0,0.0,inf,1.0
Moldova,nonfood_items_clothing,20,0.0,-0.0,0.0,inf,1.0
Moldova,nonfood_items_clothing,21,0.0,-0.0,0.0,inf,1.0
Moldova,nonfood_items_clothing,22,0.0,-0.0,0.0,inf,1.0
Moldova,nonfood_items_clothing,23,0.0,-0.0,0.0,inf,1.0
Moldova,nonfood_items_clothing,24,0.0,-0.0,0.0,inf,1.0
Moldova,nonfood_items_clothing,25,0.0,-0.0,0.0,inf,1.0
Moldova,nonfood_items_clothing,26,0.0,-0.0,0.0,inf,1.0
Moldova,nonfood_items_clothing,27,0.0,-0.0,0.0,inf,1.0
Moldova,nonfood_items_clothing,28,0.0,-0.0,0.0,inf,1.0
Moldova,nonfood_items_clothing,29,0.0,-0.0,0.0,inf,1.0
Moldova,nonfood_items_clothing,30,0.0,-0.0,0.0,inf,1.0
Moldova,nonfood_items_clothing,31,0.0,-0.0,0.0,inf,1.0
Poland,food_clothing,0,0.0,-0.0,0.0,inf,1.0
Poland,food_clothing,1,0.0,-0.0,0.0,inf,1.0
Poland,food_clothing,2,0.0,-0.0,0.0,inf,1.0
Poland,food_clothing,3,0.0,-0.0,0.0,inf,1.0
Poland,food_clothing,4,0.0,-0.0,0.0,inf,1.0
Poland,food_clothing,5,0.0,-0.0,0.0,inf,1.0
Poland,food_clothing,6,0.0,-0.0,0.0,inf,1.0
Poland,food_clothing,7,0.0,-0.0,0.0,inf,1.0
Poland,food_clothing,8,0.0,-0.0,0.0,inf,1.0
Poland,food_clothing,9,0.0,-0.0,0.0,inf,1.0
Poland,food_clothing,10,0.0,-0.0,0.0,inf,1.0
Poland,food_clothing,11,0.0,-0.0,0.0,inf,1.0
Poland,food_clothing,12,0.0,-0.0,0.0,inf,1.0
Poland,food_clothing,13,0.0,-0.0,0.0,inf,1.0
Poland,food_clothing,14,0.0,-0.0,0.0,inf,1.0
Poland,food_clothing,15,0.0,-0.0,0.0,inf,1.0
Poland,food_clothing,16,0.0,-0.0,0.0,inf,1.0
Poland,food_clothing,17,0.0,-0.0,0.0,inf,1.0
Poland,food_clothing,18,0.0,-0.0,0.0,inf,1.0
Poland,food_clothing,19,0.0,-0.0,0.0,inf,1.0
Poland,food_clothing,20,0.0,-0.0,0.0,inf,1.0
Poland,food_clothing,21,0.0,-0.0,0.0,inf,1.0
Poland,food_clothing,22,0.0,-0.0,0.0,inf,1.0
Poland,food_clothing,23,0.0,-0.0,0.0,inf,1.0
Poland,food_clothing,24,0.0,-0.0,0.0,inf,1.0
Poland,food_clothing,25,0.0,-0.0,0.0,inf,1.0
Poland,food_clothing,26,0.0,-0.0,0.0,inf,1.0
Poland,food_clothing,27,0.0,-0.0,0.0,inf,1.0
Poland,food_clothing,28,0.0,-0.0,0.0,inf,1.0
Poland,food_clothing,29,0.0,-0.0,0.0,inf,1.0
Poland,food_clothing,30,0.0,-0.0,0.0,inf,1.0
Poland,food_clothing,31,0.0,-0.0,0.0,inf,1.0
Poland,housing,0,0.0,-0.0,0.0,inf,1.0
Poland,housing,1,0.0,-0.0,0.0,inf,1.0
Poland,housing,2,0.0,-0.0,0.0,inf,1.0
Poland,housing,3,0.0,-0.0,0.0,inf,1.0
Poland,housing,4,0.0,-0.0,0.0,inf,1.0
Poland,housing,5,0.0,-0.0,0.0,inf,1.0
Poland,housing,6,0.0,-0.0,0.0,inf,1.0
Poland,housing,7,0.0,-0.0,0.0,inf,1.0
Poland,housing,8,0.0,-0.0,0.0,inf,1.0
Poland,housing,9,0.0,-0.0,0.0,inf,1.0
Poland,housing,10,0.0,-0.0,0.0,inf,1.0
Poland,housing,11,0.0,-0.0,0.0,inf,1.0
Poland,housing,12,0.0,-0.0,0.0,inf,1.0
Poland,housing,13,0.0,-0.0,0.0,inf,1.0
Poland,housing,14,0.0,-0.0,0.0,inf,1.0
Poland,housing,15,0.0,-0.0,0.0,inf,1.0
Poland,housing,16,0.0,-0.0,0.0,inf,1.0
Poland,housing,17,0.0,-0.0,0.0,inf,1.0
Poland,housing,18,0.0,-0.0,0.0,inf,1.0
Poland,housing,19,0.0,-0.0,0.0,inf,1.0
Poland,housing,20,0.0,-0.0,0.0,inf,1.0
Poland,housing,21,0.0,-0.0,0.0,inf,1.0
Poland,housing,22,0.0,-0.0,0.0,inf,1.0
Poland,housing,23,0.0,-0.0,0.0,inf,1.0
Poland,housing,24,0.0,-0.0,0.0,inf,1.0
Poland,housing,25,0.0,-0.0,0.0,inf,1.0
Poland,housing,26,0.0,-0.0,0.0,inf,1.0
Poland,housing,27,0.0,-0.0,0.0,inf,1.0
Poland,housing,28,0.0,-0.0,0.0,inf,1.0
Poland,housing,29,0.0,-0.0,0.0,inf,1.0
Poland,housing,30,0.0,-0.0,0.0,inf,1.0
Poland,housing,31,0.0,-0.0,0.0,inf,1.0
Poland,nonfood_items_clothing,0,0.0,-0.0,0.0,inf,1.0
Poland,nonfood_items_clothing,1,0.0,-0.0,0.0,inf,1.0
Poland,nonfood_items_clothing,2,0.0,-0.0,0.0,inf,1.0
Poland,nonfood_items_clothing,3,0.0,-0.0,0.0,inf,1.0
Poland,nonfood_items_clothing,4,0.0,-0.0,0.0,inf,1.0
Poland,nonfood_items_clothing,5,0.0,-0.0,0.0,inf,1.0
Poland,nonfood_items_clothing,6,0.0,-0.0,0.0,inf,1.0
Poland,nonfood_items_clothing,7,0.0,-0.0,0.0,inf,1.0
Poland,nonfood_items_clothing,8,0.0,-0.0,0.0,inf,1.0
Poland,nonfood_items_clothing,9,0.0,-0.0,0.0,inf,1.0
Poland,nonfood_items_clothing,10,0.0,-0.0,0.0,inf,1.0
Poland,nonfood_items_clothing,11,0.0,-0.0,0.0,inf,1.0
Poland,nonfood_items_clothing,12,0.0,-0.0,0.0,inf,1.0
Poland,nonfood_items_clothing,13,0.0,-0.0,0.0,inf,1.0
Poland,nonfood_items_clothing,14,0.0,-0.0,0.0,inf,1.0
Poland,nonfood_items_clothing,15,0.0,-0.0,0.0,inf,1.0
Poland,nonfood_items_clothing,16,0.0,-0.0,0.0,inf,1.0
Poland,nonfood_items_clothing,17,0.0,-0.0,0.0,inf,1.0
Poland,nonfood_items_clothing,18,0.0,-0.0,0.0,inf,1.0
Poland,nonfood_items_clothing,19,0.0,-0.0,0.0,inf,1.0
Poland,nonfood_items_clothing,20,0.0,-0.0,0.0,inf,1.0
Poland,nonfood_items_clothing,21,0.0,-0.0,0.0,inf,1.0
Poland,nonfood_items_clothing,22,0.0,-0.0,0.0,inf,1.0
Poland,nonfood_items_clothing,23,0.0,-0.0,0.0,inf,1.0
Poland,nonfood_items_clothing,24,0.0,-0.0,0.0,inf,1.0
Poland,nonfood_items_clothing,25,0.0,-0.0,0.0,inf,1.0
Poland,nonfood_items_clothing,26,0.0,-0.0,0.0,inf,1.0
Poland,nonfood_items_clothing,27,0.0,-0.0,0.0,inf,1.0
Poland,nonfood_items_clothing,28,0.0,-0.0,0.0,inf,1.0
Poland,nonfood_items_clothing,29,0.0,-0.0,0.0,inf,1.0
Poland,nonfood_items_clothing,30,0.0,-0.0,0.0,inf,1.0
Poland,nonfood_items_clothing,31,0.0,-0.0,0.0,inf,1.0
Romania,food_clothing,0,0.0,-0.0,0.0,inf,1.0
Romania,food_clothing,1,0.0,-0.0,0.0,inf,1.0
Romania,food_clothing,2,0.0,-0.0,0.0,inf,1.0
Romania,food_clothing,3,0.0,-0.0,0.0,inf,1.0
Romania,food_clothing,4,0.0,-0.0,0.0,inf,1.0
Romania,food_clothing,5,0.0,-0.0,0.0,inf,1.0
Romania,food_clothing,6,0.0,-0.0,0.0,inf,1.0
Romania,food_clothing,7,0.0,-0.0,0.0,inf,1.0
Romania,food_clothing,8,0.0,-0.0,0.0,inf,1.0
Romania,food_clothing,9,0.0,-0.0,0.0,inf,1.0
Romania,food_clothing,10,0.0,-0.0,0.0,inf,1.0
Romania,food_clothing,11,0.0,-0.0,0.0,inf,1.0
Romania,food_clothing,12,0.0,-0.0,0.0,inf,1.0
Romania,food_clothing,13,0.0,-0.0,0.0,inf,1.0
Romania,food_clothing,14,0.0,-0.0,0.0,inf,1.0
Romania,food_clothing,15,0.0,-0.0,0.0,inf,1.0
Romania,food_clothing,16,0.0,-0.0,0.0,inf,1.0
Romania,food_clothing,17,0.0,-0.0,0.0,inf,1.0
Romania,food_clothing,18,0.0,-0.0,0.0,inf,1.0
Romania,food_clothing,19,0.0,-0.0,0.0,inf,1.0
Romania,food_clothing,20,0.0,-0.0,0.0,inf,1.0
Romania,food_clothing,21,0.0,-0.0,0.0,inf,1.0
Romania,food_clothing,22,0.0,-0.0,0.0,inf,1.0
Romania,food_clothing,23,0.0,-0.0,0.0,inf,1.0
Romania,food_clothing,24,0.0,-0.0,0.0,inf,1.0
Romania,food_clothing,25,0.0,-0.0,0.0,inf,1.0
Romania,food_clothing,26,0.0,-0.0,0.0,inf,1.0
Romania,food_clothing,27,0.0,-0.0,0.0,inf,1.0
Romania,food_clothing,28,0.0,-0.0,0.0,inf,1.0
Romania,food_clothing,29,0.0,-0.0,0.0,inf,1.0
Romania,food_clothing,30,0.0,-0.0,0.0,inf,1.0
Romania,food_clothing,31,0.0,-0.0,0.0,inf,1.0
Romania,housing,0,0.0,-0.0,0.0,inf,1.0
Romania,housing,1,0.0,-0.0,0.0,inf,1.0
Romania,housing,2,0.0,-0.0,0.0,inf,1.0
Romania,housing,3,0.0,-0.0,0.0,inf,1.0
Romania,housing,4,0.0,-0.0,0.0,inf,1.0
Romania,housing,5,0.0,-0.0,0.0,inf,1.0
Romania,housing,6,0.0,-0.0,0.0,inf,1.0
Romania,housing,7,0.0,-0.0,0.0,inf,1.0
Romania,housing,8,0.0,-0.0,0.0,inf,1.0
Romania,housing,9,0.0,-0.0,0.0,inf,1.0
Romania,housing,10,0.0,-0.0,0.0,inf,1.0
Romania,housing,11,0.0,-0.0,0.0,inf,1.0
Romania,housing,12,0.0,-0.0,0.0,inf,1.0
Romania,housing,13,0.0,-0.0,0.0,inf,1.0
Romania,housing,14,0.0,-0.0,0.0,inf,1.0
Romania,housing,15,0.0,-0.0,0.0,inf,1.0
Romania,housing,16,0.0,-0.0,0.0,inf,1.0
Romania,housing,17,0.0,-0.0,0.0,inf,1.0
Romania,housing,18,0.0,-0.0,0.0,inf,1.0
Romania,housing,19,0.0,-0.0,0.0,inf,1.0
Romania,housing,20,0.0,-0.0,0.0,inf,1.0
Romania,housing,21,0.0,-0.0,0.0,inf,1.0
Romania,housing,22,0.0,-0.0,0.0,inf,1.0
Romania,housing,23,0.0,-0.0,0.0,inf,1.0
Romania,housing,24,0.0,-0.0,0.0,inf,1.0
Romania,housing,25,0.0,-0.0,0.0,inf,1.0
Romania,housing,26,0.0,-0.0,0.0,inf,1.0
Romania,housing,27,0.0,-0.0,0.0,inf,1.0
Romania,housing,28,0.0,-0.0,0.0,inf,1.0
Romania,housing,29,0.0,-0.0,0.0,inf,1.0
Romania,housing,30,0.0,-0.0,0.0,inf,1.0
Romania,housing,31,0.0,-0.0,0.0,inf,1.0
Romania,nonfood_items_clothing,0,0.0,-0.0,0.0,inf,1.0
Romania,nonfood_items_clothing,1,0.0,-0.0,0.0,inf,1.0
Romania,nonfood_items_clothing,2,0.0,-0.0,0.0,inf,1.0
Romania,nonfood_items_clothing,3,0.0,-0.0,0.0,inf,1.0
Romania,nonfood_items_clothing,4,0.0,-0.0,0.0,inf,1.0
Romania,nonfood_items_clothing,5,0.0,-0.0,0.0,inf,1.0
Romania,nonfood_items_clothing,6,0.0,-0.0,0.0,inf,1.0
Romania,nonfood_items_clothing,7,0.0,-0.0,0.0,inf,1.0
Romania,nonfood_items_clothing,8,0.0,-0.0,0.0,inf,1.0
Romania,nonfood_items_clothing,9,0.0,-0.0,0.0,inf,1.0
Romania,nonfood_items_clothing,10,0.0,-0.0,0.0,inf,1.0
Romania,nonfood_items_clothing,11,0.0,-0.0,0.0,inf,1.0
Romania,nonfood_items_clothing,12,0.0,-0.0,0.0,inf,1.0
Romania,nonfood_items_clothing,13,0.0,-0.0,0.0,inf,1.0
Romania,nonfood_items_clothing,14,0.0,-0.0,0.0,inf,1.0
Romania,nonfood_items_clothing,15,0.0,-0.0,0.0,inf,1.0
Romania,nonfood_items_clothing,16,0.0,-0.0,0.0,inf,1.0
Romania,nonfood_items_clothing,17,0.0,-0.0,0.0,inf,1.0
Romania,nonfood_items_clothing,18,0.0,-0.0,0.0,inf,1.0
Romania,nonfood_items_clothing,19,0.0,-0.0,0.0,inf,1.0
Romania,nonfood_items_clothing,20,0.0,-0.0,0.0,inf,1.0
Romania,nonfood_items_clothing,21,0.0,-0.0,0.0,inf,1.0
Romania,nonfood_items_clothing,22,0.0,-0.0,0.0,inf,1.0
Romania,nonfood_items_clothing,23,0.0,-0.0,0.0,inf,1.0
Romania,nonfood_items_clothing,24,0.0,-0.0,0.0,inf,1.0
Romania,nonfood_items_clothing,25,0.0,-0.0,0.0,inf,1.0
Romania,nonfood_items_clothing,26,0.0,-0.0,0.0,inf,1.0
Romania,nonfood_items_clothing,27,0.0,-0.0,0.0,inf,1.0
Romania,nonfood_items_clothing,28,0.0,-0.0,0.0,inf,1.0
Romania,nonfood_items_clothing,29,0.0,-0.0,0.0,inf,1.0
Romania,nonfood_items_clothing,30,0.0,-0.0,0.0,inf,1.0
Romania,nonfood_items_clothing,31,0.0,-0.0,0.0,inf,1.0
Slovakia,food_clothing,0,0.0,-0.0,0.0,inf,1.0
Slovakia,food_clothing,1,0.0,-0.0,0.0,inf,1.0
Slovakia,food_clothing,2,0.0,-0.0,0.0,inf,1.0
Slovakia,food_clothing,3,0.0,-0.0,0.0,inf,1.0
Slovakia,food_clothing,4,0.0,-0.0,0.0,inf,1.0
Slovakia,food_clothing,5,0.0,-0.0,0.0,inf,1.0
Slovakia,food_clothing,6,0.0,-0.0,0.0,inf,1.0
Slovakia,food_clothing,7,0.0,-0.0,0.0,inf,1.0
Slovakia,food_clothing,8,0.0,-0.0,0.0,inf,1.0
Slovakia,food_clothing,9,0.0,-0.0,0.0,inf,1.0
Slovakia,food_clothing,10,0.0,-0.0,0.0,inf,1.0
Slovakia,food_clothing,11,0.0,-0.0,0.0,inf,1.0
Slovakia,food_clothing,12,0.0,-0.0,0.0,inf,1.0
Slovakia,food_clothing,13,0.0,-0.0,0.0,inf,1.0
Slovakia,food_clothing,14,0.0,-0.0,0.0,inf,1.0
Slovakia,food_clothing,15,0.0,-0.0,0.0,inf,1.0
Slovakia,food_clothing,16,0.0,-0.0,0.0,inf,1.0
Slovakia,food_clothing,17,0.0,-0.0,0.0,inf,1.0
Slovakia,food_clothing,18,0.0,-0.0,0.0,inf,1.0
Slovakia,food_clothing,19,0.0,-0.0,0.0,inf,1.0
Slovakia,food_clothing,20,0.0,-0.0,0.0,inf,1.0
Slovakia,food_clothing,21,0.0,-0.0,0.0,inf,1.0
Slovakia,food_clothing,22,0.0,-0.0,0.0,inf,1.0
Slovakia,food_clothing,23,0.0,-0.0,0.0,inf,1.0
Slovakia,food_clothing,24,0.0,-0.0,0.0,inf,1.0
Slovakia,food_clothing,25,0.0,-0.0,0.0,inf,1.0
Slovakia,food_clothing,26,0.0,-0.0,0.0,inf,1.0
Slovakia,food_clothing,27,0.0,-0.0,0.0,inf,1.0
Slovakia,food_clothing,28,0.0,-0.0,0.0,inf,1.0
Slovakia,food_clothing,29,0.0,-0.0,0.0,inf,1.0
Slovakia,food_clothing,30,0.0,-0.0,0.0,inf,1.0
Slovakia,food_clothing,31,0.0,-0.0,0.0,inf,1.0
Slovakia,housing,0,0.0,-0.0,0.0,inf,1.0
Slovakia,housing,1,0.0,-0.0,0.0,inf,1.0
Slovakia,housing,2,0.0,-0.0,0.0,inf,1.0
Slovakia,housing,3,0.0,-0.0,0.0,inf,1.0
Slovakia,housing,4,0.0,-0.0,0.0,inf,1.0
Slovakia,housing,5,0.0,-0.0,0.0,inf,1.0
Slovakia,housing,6,0.0,-0.0,0.0,inf,1.0
Slovakia,housing,7,0.0,-0.0,0.0,inf,1.0
Slovakia,housing,8,0.0,-0.0,0.0,inf,1.0
Slovakia,housing,9,0.0,-0.0,0.0,inf,1.0
Slovakia,housing,10,0.0,-0.0,0.0,inf,1.0
Slovakia,housing,11,0.0,-0.0,0.0,inf,1.0
Slovakia,housing,12,0.0,-0.0,0.0,inf,1.0
Slovakia,housing,13,0.0,-0.0,0.0,inf,1.0
Slovakia,housing,14,0.0,-0.0,0.0,inf,1.0
Slovakia,housing,15,0.0,-0.0,0.0,inf,1.0
Slovakia,housing,16,0.0,-0.0,0.0,inf,1.0
Slovakia,housing,17,0.0,-0.0,0.0,inf,1.0
Slovakia,housing,18,0.0,-0.0,0.0,inf,1.0
Slovakia,housing,19,0.0,-0.0,0.0,inf,1.0
Slovakia,housing,20,0.0,-0.0,0.0,inf,1.0
Slovakia,housing,21,0.0,-0.0,0.0,inf,1.0
Slovakia,housing,22,0.0,-0.0,0.0,inf,1.0
Slovakia,housing,23,0.0,-0.0,0.0,inf,1.0
Slovakia,housing,24,0.0,-0.0,0.0,inf,1.0
Slovakia,housing,25,0.0,-0.0,0.0,inf,1.0
Slovakia,housing,26,0.0,-0.0,0.0,inf,1.0
Slovakia,housing,27,0.0,-0.0,0.0,inf,1.0
Slovakia,housing,28,0.0,-0.0,0.0,inf,1.0
Slovakia,housing,29,0.0,-0.0,0.0,inf,1.0
Slovakia,housing,30,0.0,-0.0,0.0,inf,1.0
Slovakia,housing,31,0.0,-0.0,0.0,inf,1.0
Slovakia,nonfood_items_clothing,0,0.0,-0.0,0.0,inf,1.0
Slovakia,nonfood_items_clothing,1,0.0,-0.0,0.0,inf,1.0
Slovakia,nonfood_items_clothing,2,0.0,-0.0,0.0,inf,1.0
Slovakia,nonfood_items_clothing,3,0.0,-0.0,0.0,inf,1.0
Slovakia,nonfood_items_clothing,4,0.0,-0.0,0.0,inf,1.0
Slovakia,nonfood_items_clothing,5,0.0,-0.0,0.0,inf,1.0
Slovakia,nonfood_items_clothing,6,0.0,-0.0,0.0,inf,1.0
Slovakia,nonfood_items_clothing,7,0.0,-0.0,0.0,inf,1.0
Slovakia,nonfood_items_clothing,8,0.0,-0.0,0.0,inf,1.0
Slovakia,nonfood_items_clothing,9,0.0,-0.0,0.0,inf,1.0
Slovakia,nonfood_items_clothing,10,0.0,-0.0,0.0,inf,1.0
Slovakia,nonfood_items_clothing,11,0.0,-0.0,0.0,inf,1.0
Slovakia,nonfood_items_clothing,12,0.0,-0.0,0.0,inf,1.0
Slovakia,nonfood_items_clothing,13,0.0,-0.0,0.0,inf,1.0
Slovakia,nonfood_items_clothing,14,0.0,-0.0,0.0,inf,1.0
Slovakia,nonfood_items_clothing,15,0.0,-0.0,0.0,inf,1.0
Slovakia,nonfood_items_clothing,16,0.0,-0.0,0.0,inf,1.0
Slovakia,nonfood_items_clothing,17,0.0,-0.0,0.0,inf,1.0
Slovakia,nonfood_items_clothing,18,0.0,-0.0,0.0,inf,1.0
Slovakia,nonfood_items_clothing,19,0.0,-0.0,0.0,inf,1.0
Slovakia,nonfood_items_clothing,20,0.0,-0.0,0.0,inf,1.0
Slovakia,nonfood_items_clothing,21,0.0,-0.0,0.0,inf,1.0
Slovakia,nonfood_items_clothing,22,0.0,-0.0,0.0,inf,1.0
Slovakia,nonfood_items_clothing,23,0.0,-0.0,0.0,inf,1.0
Slovakia,nonfood_items_clothing,24,0.0,-0.0,0.0,inf,1.0
Slovakia,nonfood_items_clothing,25,0.0,-0.0,0.0,inf,1.0
Slovakia,nonfood_items_clothing,26,0.0,-0.0,0.0,inf,1.0
Slovakia,nonfood_items_clothing,27,0.0,-0.0,0.0,inf,1.0
Slovakia,nonfood_items_clothing,28,0.0,-0.0,0.0,inf,1.0
Slovakia,nonfood_items_clothing,29,0.0,-0.0,0.0,inf,1.0
Slovakia,nonfood_items_clothing,30,0.0,-0.0,0.0,inf,1.0
Slovakia,nonfood_items_clothing,31,0.0,-0.0,0.0,inf,1.0
Switzerland,food_clothing,0,0.0,-0.0,0.0,inf,1.0
Switzerland,food_clothing,1,0.0,-0.0,0.0,inf,1.0
Switzerland,food_clothing,2,0.0,-0.0,0.0,inf,1.0
Switzerland,food_clothing,3,0.0,-0.0,0.0,inf,1.0
Switzerland,food_clothing,4,0.0,-0.0,0.0,inf,1.0
Switzerland,food_clothing,5,0.0,-0.0,0.0,inf,1.0
Switzerland,food_clothing,6,0.0,-0.0,0.0,inf,1.0
Switzerland,food_clothing,7,0.0,-0.0,0.0,inf,1.0
Switzerland,food_clothing,8,0.0,-0.0,0.0,inf,1.0
Switzerland,food_clothing,9,0.0,-0.0,0.0,inf,1.0
Switzerland,food_clothing,10,0.0,-0.0,0.0,inf,1.0
Switzerland,food_clothing,11,0.0,-0.0,0.0,inf,1.0
Switzerland,food_clothing,12,0.0,-0.0,0.0,inf,1.0
Switzerland,food_clothing,13,0.0,-0.0,0.0,inf,1.0
Switzerland,food_clothing,14,0.0,-0.0,0.0,inf,1.0
Switzerland,food_clothing,15,0.0,-0.0,0.0,inf,1.0
Switzerland,food_clothing,16,0.0,-0.0,0.0,inf,1.0
Switzerland,food_clothing,17,0.0,-0.0,0.0,inf,1.0
Switzerland,food_clothing,18,0.0,-0.0,0.0,inf,1.0
Switzerland,food_clothing,19,0.0,-0.0,0.0,inf,1.0
Switzerland,food_clothing,20,0.0,-0.0,0.0,inf,1.0
Switzerland,food_clothing,21,0.0,-0.0,0.0,inf,1.0
Switzerland,food_clothing,22,0.0,-0.0,0.0,inf,1.0
Switzerland,food_clothing,23,0.0,-0.0,0.0,inf,1.0
Switzerland,food_clothing,24,0.0,-0.0,0.0,inf,1.0
Switzerland,food_clothing,25,0.0,-0.0,0.0,inf,1.0
Switzerland,food_clothing,26,0.0,-0.0,0.0,inf,1.0
Switzerland,food_clothing,27,0.0,-0.0,0.0,inf,1.0
Switzerland,food_clothing,28,0.0,-0.0,0.0,inf,1.0
Switzerland,food_clothing,29,0.0,-0.0,0.0,inf,1.0
Switzerland,food_clothing,30,0.0,-0.0,0.0,inf,1.0
Switzerland,food_clothing,31,0.0,-0.0,0.0,inf,1.0
Switzerland,housing,0,0.0,-0.0,0.0,inf,1.0
Switzerland,housing,1,0.0,-0.0,0.0,inf,1.0
Switzerland,housing,2,0.0,-0.0,0.0,inf,1.0
Switzerland,housing,3,0.0,-0.0,0.0,inf,1.0
Switzerland,housing,4,0.0,-0.0,0.0,inf,1.0
Switzerland,housing,5,0.0,-0.0,0.0,inf,1.0
Switzerland,housing,6,0.0,-0.0,0.0,inf,1.0
Switzerland,housing,7,0.0,-0.0,0.0,inf,1.0
Switzerland,housing,8,0.0,-0.0,0.0,inf,1.0
Switzerland,housing,9,0.0,-0.0,0.0,inf,1.0
Switzerland,housing,10,0.0,-0.0,0.0,inf,1.0
Switzerland,housing,11,0.0,-0.0,0.0,inf,1.0
Switzerland,housing,12,0.0,-0.0,0.0,inf,1.0
Switzerland,housing,13,0.0,-0.0,0.0,inf,1.0
Switzerland,housing,14,0.0,-0.0,0.0,inf,1.0
Switzerland,housing,15,0.0,-0.0,0.0,inf,1.0
Switzerland,housing,16,0.0,-0.0,0.0,inf,1.0
Switzerland,housing,17,0.0,-0.0,0.0,inf,1.0
Switzerland,housing,18,0.0,-0.0,0.0,inf,1.0
Switzerland,housing,19,0.0,-0.0,0.0,inf,1.0
Switzerland,housing,20,0.0,-0.0,0.0,inf,1.0
Switzerland,housing,21,0.0,-0.0,0.0,inf,1.0
Switzerland,housing,22,0.0,-0.0,0.0,inf,1.0
Switzerland,housing,23,0.0,-0.0,0.0,inf,1.0
Switzerland,housing,24,0.0,-0.0,0.0,inf,1.0
Switzerland,housing,25,0.0,-0.0,0.0,inf,1.0
Switzerland,housing,26,0.0,-0.0,0.0,inf,1.0
Switzerland,housing,27,0.0,-0.0,0.0,inf,1.0
Switzerland,housing,28,0.0,-0.0,0.0,inf,1.0
Switzerland,housing,29,0.0,-0.0,0.0,inf,1.0
Switzerland,housing,30,0.0,-0.0,0.0,inf,1.0
Switzerland,housing,31,0.0,-0.0,0.0,inf,1.0
Switzerland,nonfood_items_clothing,0,0.0,-0.0,0.0,inf,1.0
Switzerland,nonfood_items_clothing,1,0.0,-0.0,0.0,inf,1.0
Switzerland,nonfood_items_clothing,2,0.0,-0.0,0.0,inf,1.0
Switzerland,nonfood_items_clothing,3,0.0,-0.0,0.0,inf,1.0
Switzerland,nonfood_items_clothing,4,0.0,-0.0,0.0,inf,1.0
Switzerland,nonfood_items_clothing,5,0.0,-0.0,0.0,inf,1.0
Switzerland,nonfood_items_clothing,6,0.0,-0.0,0.0,inf,1.0
Switzerland,nonfood_items_clothing,7,0.0,-0.0,0.0,inf,1.0
Switzerland,nonfood_items_clothing,8,0.0,-0.0,0.0,inf,1.0
Switzerland,nonfood_items_clothing,9,0.0,-0.0,0.0,inf,1.0
Switzerland,nonfood_items_clothing,10,0.0,-0.0,0.0,inf,1.0
Switzerland,nonfood_items_clothing,11,0.0,-0.0,0.0,inf,1.0
Switzerland,nonfood_items_clothing,12,0.0,-0.0,0.0,inf,1.0
Switzerland,nonfood_items_clothing,13,0.0,-0.0,0.0,inf,1.0
Switzerland,nonfood_items_clothing,14,0.0,-0.0,0.0,inf,1.0
Switzerland,nonfood_items_clothing,15,0.0,-0.0,0.0,inf,1.0
Switzerland,nonfood_items_clothing,16,0.0,-0.0,0.0,inf,1.0
Switzerland,nonfood_items_clothing,17,0.0,-0.0,0.0,inf,1.0
Switzerland,nonfood_items_clothing,18,0.0,-0.0,0.0,inf,1.0
Switzerland,nonfood_items_clothing,19,0.0,-0.0,0.0,inf,1.0
Switzerland,nonfood_items_clothing,20,0.0,-0.0,0.0,inf,1.0
Switzerland,nonfood_items_clothing,21,0.0,-0.0,0.0,inf,1.0
Switzerland,nonfood_items_clothing,22,0.0,-0.0,0.0,inf,1.0
Switzerland,nonfood_items_clothing,23,0.0,-0.0,0.0,inf,1.0
Switzerland,nonfood_items_clothing,24,0.0,-0.0,0.0,inf,1.0
Switzerland,nonfood_items_clothing,25,0.0,-0.0,0.0,inf,1.0
Switzerland,nonfood_items_clothing,26,0.0,-0.0,0.0,inf,1.0
Switzerland,nonfood_items_clothing,27,0.0,-0.0,0.0,inf,1.0
Switzerland,nonfood_items_clothing,28,0.0,-0.0,0.0,inf,1.0
Switzerland,nonfood_items_clothing,29,0.0,-0.0,0.0,inf,1.0
Switzerland,nonfood_items_clothing,30,0.0,-0.0,0.0,inf,1.0
Switzerland,nonfood_items_clothing,31,0.0,-0.0,0.0,inf,1.0
Ukraine,food_clothing,0,0.0,-0.0,0.0,inf,1.0
Ukraine,food_clothing,1,177960.0,-0.0,0.0,inf,1.0
Ukraine,food_clothing,2,4075.0,-0.0,0.0,inf,1.0
Ukraine,food_clothing,3,76364.0,-0.0,0.0,inf,1.0
Ukraine,food_clothing,4,187944.0,-0.0,0.0,inf,1.0
Ukraine,food_clothing,5,2198.0,-0.0,0.0,inf,1.0
Ukraine,food_clothing,6,205042.0,-0.0,0.0,inf,1.0
Ukraine,food_clothing,7,10883.0,-0.0,0.0,inf,1.0
Ukraine,food_clothing,8,1949.0,-0.0,0.0,inf,1.0
Ukraine,food_clothing,9,2155.0,-0.0,0.0,inf,1.0
Ukraine,food_clothing,10,1875.0,-0.0,0.0,inf,1.0
Ukraine,food_clothing,11,113335.0,-0.0,0.0,inf,1.0
Ukraine,food_clothing,12,0.0,-0.0,0.0,inf,1.0
Ukraine,food_clothing,13,0.0,-0.0,0.0,inf,1.0
Ukraine,food_clothing,14,3953.0,-0.0,0.0,inf,1.0
Ukraine,food_clothing,15,1973.0,-0.0,0.0,inf,1.0
Ukraine,food_clothing,16,0.0,-0.0,0.0,inf,1.0
Ukraine,food_clothing,17,0.0,-0.0,0.0,inf,1.0
Ukraine,food_clothing,18,0.0,-0.0,0.0,inf,1.0
Ukraine,food_clothing,19,14808.0,-0.0,0.0,inf,1.0
Ukraine,food_clothing,20,0.0,-0.0,0.0,inf,1.0
Ukraine,food_clothing,21,2108.0,-0.0,0.0,inf,1.0
Ukraine,food_clothing,22,16086.0,-0.0,0.0,inf,1.0
Ukraine,food_clothing,23,3065.0,-0.0,0.0,inf,1.0
Ukraine,food_clothing,24,21565.0,-0.0,0.0,inf,1.0
Ukraine,food_clothing,25,0.0,-0.0,0.0,inf,1.0
Ukraine,food_clothing,26,0.0,-0.0,0.0,inf,1.0
Ukraine,food_clothing,27,8488.0,-0.0,0.0,inf,1.0
Ukraine,food_clothing,28,1.0,-0.0,0.0,inf,1.0
Ukraine,food_clothing,29,7590.0,-0.0,0.0,inf,1.0
Ukraine,food_clothing,30,0.0,-0.0,0.0,inf,1.0
Ukraine,food_clothing,31,2058.0,-0.0,0.0,inf,1.0
Ukraine,housing,0,55418.0,-0.0,0.0,inf,1.0
Ukraine,housing,1,0.0,-0.0,0.0,inf,1.0
Ukraine,housing,2,17837.0,-0.0,0.0,inf,1.0
Ukraine,housing,3,4228.0,-0.0,0.0,inf,1.0
Ukraine,housing,4,44887.0,-0.0,0.0,inf,1.0
Ukraine,housing,5,7144.0,-0.0,0.0,inf,1.0
Ukraine,housing,6,3768.0,-0.0,0.0,inf,1.0
Ukraine,housing,7,9452.0,-0.0,0.0,inf,1.0
Ukraine,housing,8,0.0,-0.0,0.0,inf,1.0
Ukraine,housing,9,68802.0,-0.0,0.0,inf,1.0
Ukraine,housing,10,8314.0,-0.0,0.0,inf,1.0
Ukraine,housing,11,2366.0,-0.0,0.0,inf,1.0
Ukraine,housing,12,1977.0,-0.0,0.0,inf,1.0
Ukraine,housing,13,3955.0,-0.0,0.0,inf,1.0
Ukraine,housing,14,1890.0,-0.0,0.0,inf,1.0
Ukraine,housing,15,14769.0,-0.0,0.0,inf,1.0
Ukraine,housing,16,0.0,-0.0,0.0,inf,1.0
Ukraine,housing,17,2187.0,-0.0,0.0,inf,1.0
Ukraine,housing,18,2627.0,-0.0,0.0,inf,1.0
Ukraine,housing,19,6396.0,-0.0,0.0,inf,1.0
Ukraine,housing,20,0.0,-0.0,0.0,inf,1.0
Ukraine,housing,21,3715.0,-0.0,0.0,inf,1.0
Ukraine,housing,22,7738.0,-0.0,0.0,inf,1.0
Ukraine,housing,23,0.0,-0.0,0.0,inf,1.0
Ukraine,housing,24,23114.0,-0.0,0.0,inf,1.0
Ukraine,housing,25,0.0,-0.0,0.0,inf,1.0
Ukraine,housing,26,0.0,-0.0,0.0,inf,1.0
Ukraine,housing,27,4039.0,-0.0,0.0,inf,1.0
Ukraine,housing,28,4147.0,-0.0,0.0,inf,1.0
Ukraine,housing,29,0.0,-0.0,0.0,inf,1.0
Ukraine,housing,30,2146.0,-0.0,0.0,inf,1.0
Ukraine,housing,31,2039.0,-0.0,0.0,inf,1.0
Ukraine,nonfood_items_clothing,0,0.0,-0.0,0.0,inf,1.0
Ukraine,nonfood_items_clothing,1,128204.0,-0.0,0.0,inf,1.0
Ukraine,nonfood_items_clothing,2,14647.0,-0.0,0.0,inf,1.0
Ukraine,nonfood_items_clothing,3,3746.0,-0.0,0.0,inf,1.0
Ukraine,nonfood_items_clothing,4,120577.0,-0.0,0.0,inf,1.0
Ukraine,nonfood_items_clothing,5,4128.0,-0.0,0.0,inf,1.0
Ukraine,nonfood_items_clothing,6,0.0,-0.0,0.0,inf,1.0
Ukraine,nonfood_items_clothing,7,8274.0,-0.0,0.0,inf,1.0
Ukraine,nonfood_items_clothing,8,0.0,-0.0,0.0,inf,1.0
Ukraine,nonfood_items_clothing,9,8525.0,-0.0,0.0,inf,1.0
Ukraine,nonfood_items_clothing,10,2057.0,-0.0,0.0,inf,1.0
Ukraine,nonfood_items_clothing,11,8143.0,-0.0,0.0,inf,1.0
Ukraine,nonfood_items_clothing,12,0.0,-0.0,0.0,inf,1.0
Ukraine,nonfood_items_clothing,13,89520.0,-0.0,0.0,inf,1.0
Ukraine,nonfood_items_clothing,14,13711.0,-0.0,0.0,inf,1.0
Ukraine,nonfood_items_clothing,15,3975.0,-0.0,0.0,inf,1.0
Ukraine,nonfood_items_clothing,16,0.0,-0.0,0.0,inf,1.0
Ukraine,nonfood_items_clothing,17,15824.0,-0.0,0.0,inf,1.0
Ukraine,nonfood_items_clothing,18,1883.0,-0.0,0.0,inf,1.0
Ukraine,nonfood_items_clothing,19,6519.0,-0.0,0.0,inf,1.0
Ukraine,nonfood_items_clothing,20,2074.0,-0.0,0.0,inf,1.0
Ukraine,nonfood_items_clothing,21,11335.0,-0.0,0.0,inf,1.0
Ukraine,nonfood_items_clothing,22,2102.0,-0.0,0.0,inf,1.0
Ukraine,nonfood_items_clothing,23,4114.0,-0.0,0.0,inf,1.0
Ukraine,nonfood_items_clothing,24,14795.0,-0.0,0.0,inf,1.0
Ukraine,nonfood_items_clothing,25,12465.0,-0.0,0.0,inf,1.0
Ukraine,nonfood_items_clothing,26,1852.0,-0.0,0.0,inf,1.0
Ukraine,nonfood_items_clothing,27,1953.0,-0.0,0.0,inf,1.0
Ukraine,nonfood_items_clothing,28,0.0,-0.0,0.0,inf,1.0
Ukraine,nonfood_items_clothing,29,5645.0,-0.0,0.0,inf,1.0
Ukraine,nonfood_items_clothing,30,1903.0,-0.0,0.0,inf,1.0
Ukraine,nonfood_items_clothing,31,0.0,-0.0,0.0,inf,1.0
UnitedState,food_clothing,0,0.0,-0.0,0.0,inf,1.0
UnitedState,food_clothing,1,0.0,-0.0,0.0,inf,1.0
UnitedState,food_clothing,2,0.0,-0.0,0.0,inf,1.0
UnitedState,food_clothing,3,0.0,-0.0,0.0,inf,1.0
UnitedState,food_clothing,4,0.0,-0.0,0.0,inf,1.0
UnitedState,food_clothing,5,0.0,-0.0,0.0,inf,1.0
UnitedState,food_clothing,6,0.0,-0.0,0.0,inf,1.0
UnitedState,food_clothing,7,0.0,-0.0,0.0,inf,1.0
UnitedState,food_clothing,8,0.0,-0.0,0.0,inf,1.0
UnitedState,food_clothing,9,0.0,-0.0,0.0,inf,1.0
UnitedState,food_clothing,10,0.0,-0.0,0.0,inf,1.0
UnitedState,food_clothing,11,0.0,-0.0,0.0,inf,1.0
UnitedState,food_clothing,12,0.0,-0.0,0.0,inf,1.0
UnitedState,food_clothing,13,0.0,-0.0,0.0,inf,1.0
UnitedState,food_clothing,14,0.0,-0.0,0.0,inf,1.0
UnitedState,food_clothing,15,0.0,-0.0,0.0,inf,1.0
UnitedState,food_clothing,16,0.0,-0.0,0.0,inf,1.0
UnitedState,food_clothing,17,0.0,-0.0,0.0,inf,1.0
UnitedState,food_clothing,18,0.0,-0.0,0.0,inf,1.0
UnitedState,food_clothing,19,0.0,-0.0,0.0,inf,1.0
UnitedState,food_clothing,20,0.0,-0.0,0.0,inf,1.0
UnitedState,food_clothing,21,0.0,-0.0,0.0,inf,1.0
UnitedState,food_clothing,22,0.0,-0.0,0.0,inf,1.0
UnitedState,food_clothing,23,0.0,-0.0,0.0,inf,1.0
UnitedState,food_clothing,24,0.0,-0.0,0.0,inf,1.0
UnitedState,food_clothing,25,0.0,-0.0,0.0,inf,1.0
UnitedState,food_clothing,26,0.0,-0.0,0.0,inf,1.0
UnitedState,food_clothing,27,0.0,-0.0,0.0,inf,1.0
UnitedState,food_clothing,28,0.0,-0.0,0.0,inf,1.0
UnitedState,food_clothing,29,0.0,-0.0,0.0,inf,1.0
UnitedState,food_clothing,30,0.0,-0.0,0.0,inf,1.0
UnitedState,food_clothing,31,0.0,-0.0,0.0,inf,1.0
UnitedState,housing,0,0.0,-0.0,0.0,inf,1.0
UnitedState,housing,1,0.0,-0.0,0.0,inf,1.0
UnitedState,housing,2,0.0,-0.0,0.0,inf,1.0
UnitedState,housing,3,0.0,-0.0,0.0,inf,1.0
UnitedState,housing,4,0.0,-0.0,0.0,inf,1.0
UnitedState,housing,5,0.0,-0.0,0.0,inf,1.0
UnitedState,housing,6,0.0,-0.0,0.0,inf,1.0
UnitedState,housing,7,0.0,-0.0,0.0,inf,1.0
UnitedState,housing,8,0.0,-0.0,0.0,inf,1.0
UnitedState,housing,9,0.0,-0.0,0.0,inf,1.0
UnitedState,housing,10,0.0,-0.0,0.0,inf,1.0
UnitedState,housing,11,0.0,-0.0,0.0,inf,1.0
UnitedState,housing,12,0.0,-0.0,0.0,inf,1.0
UnitedState,housing,13,0.0,-0.0,0.0,inf,1.0
UnitedState,housing,14,0.0,-0.0,0.0,inf,1.0
UnitedState,housing,15,0.0,-0.0,0.0,inf,1.0
UnitedState,housing,16,0.0,-0.0,0.0,inf,1.0
UnitedState,housing,17,0.0,-0.0,0.0,inf,1.0
UnitedState,housing,18,0.0,-0.0,0.0,inf,1.0
UnitedState,housing,19,0.0,-0.0,0.0,inf,1.0
UnitedState,housing,20,0.0,-0.0,0.0,inf,1.0
UnitedState,housing,21,0.0,-0.0,0.0,inf,1.0
UnitedState,housing,22,0.0,-0.0,0.0,inf,1.0
UnitedState,housing,23,0.0,-0.0,0.0,inf,1.0
UnitedState,housing,24,0.0,-0.0,0.0,inf,1.0
UnitedState,housing,25,0.0,-0.0,0.0,inf,1.0
UnitedState,housing,26,0.0,-0.0,0.0,inf,1.0
UnitedState,housing,27,0.0,-0.0,0.0,inf,1.0
UnitedState,housing,28,0.0,-0.0,0.0,inf,1.0
UnitedState,housing,29,0.0,-0.0,0.0,inf,1.0
UnitedState,housing,30,0.0,-0.0,0.0,inf,1.0
UnitedState,housing,31,0.0,-0.0,0.0,inf,1.0
UnitedState,nonfood_items_clothing,0,0.0,-0.0,0.0,inf,1.0
UnitedState,nonfood_items_clothing,1,0.0,-0.0,0.0,inf,1.0
UnitedState,nonfood_items_clothing,2,0.0,-0.0,0.0,inf,1.0
UnitedState,nonfood_items_clothing,3,0.0,-0.0,0.0,inf,1.0
UnitedState,nonfood_items_clothing,4,0.0,-0.0,0.0,inf,1.0
UnitedState,nonfood_items_clothing,5,0.0,-0.0,0.0,inf,1.0
UnitedState,nonfood_items_clothing,6,0.0,-0.0,0.0,inf,1.0
UnitedState,nonfood_items_clothing,7,0.0,-0.0,0.0,inf,1.0
UnitedState,nonfood_items_clothing,8,0.0,-0.0,0.0,inf,1.0
UnitedState,nonfood_items_clothing,9,0.0,-0.0,0.0,inf,1.0
UnitedState,nonfood_items_clothing,10,0.0,-0.0,0.0,inf,1.0
UnitedState,nonfood_items_clothing,11,0.0,-0.0,0.0,inf,1.0
UnitedState,nonfood_items_clothing,12,0.0,-0.0,0.0,inf,1.0
UnitedState,nonfood_items_clothing,13,0.0,-0.0,0.0,inf,1.0
UnitedState,nonfood_items_clothing,14,0.0,-0.0,0.0,inf,1.0
UnitedState,nonfood_items_clothing,15,0.0,-0.0,0.0,inf,1.0
UnitedState,nonfood_items_clothing,16,0.0,-0.0,0.0,inf,1.0
UnitedState,nonfood_items_clothing,17,0.0,-0.0,0.0,inf,1.0
UnitedState,nonfood_items_clothing,18,0.0,-0.0,0.0,inf,1.0
UnitedState,nonfood_items_clothing,19,0.0,-0.0,0.0,inf,1.0
UnitedState,nonfood_items_clothing,20,0.0,-0.0,0.0,inf,1.0
UnitedState,nonfood_items_clothing,21,0.0,-0.0,0.0,inf,1.0
UnitedState,nonfood_items_clothing,22,0.0,-0.0,0.0,inf,1.0
UnitedState,nonfood_items_clothing,23,0.0,-0.0,0.0,inf,1.0
UnitedState,nonfood_items_clothing,24,0.0,-0.0,0.0,inf,1.0
UnitedState,nonfood_items_clothing,25,0.0,-0.0,0.0,inf,1.0
UnitedState,nonfood_items_clothing,26,0.0,-0.0,0.0,inf,1.0
UnitedState,nonfood_items_clothing,27,0.0,-0.0,0.0,inf,1.0
UnitedState,nonfood_items_clothing,28,0.0,-0.0,0.0,inf,1.0
UnitedState,nonfood_items_clothing,29,0.0,-0.0,0.0,inf,1.0
UnitedState,nonfood_items_clothing,30,0.0,-0.0,0.0,inf,1.0
UnitedState,nonfood_items_clothing,31,0.0,-0.0,0.0,inf,1.0
